penetration,seed,n_vehicles,n_cavs,n_walkers,weather,map,duration_s,wall_seconds,wall_to_sim_ratio,collision_count,raw_collision_events,cav_collision_count,hdv_collision_count,vru_collision_count,cav_hit_pedestrian_count,hdv_hit_pedestrian_count,action_none,action_decelerate,action_soft_brake,action_hard_brake,phantom_brakes_suppressed,dead_cav_count,decode_errors,publishes_emitted,publishes_dropped,cbr_mean,cbr_max,coll_attentive,coll_distracted,coll_aggressive_hostile
0.0,0,60,0,45,ClearNoon,Town01,120.0,78.64116406440735,0.6553430338700612,1377,25000,0,1377,1,0,1,0,0,0,0,0,0,0,3600,0,0.016375000000000008,0.0165,735,238,404
0.0,1,60,0,44,ClearNoon,Town01,120.0,79.86363053321838,0.6655302544434866,1431,25000,0,1431,3,0,3,0,0,0,0,0,0,0,3600,0,0.016375000000000008,0.0165,752,334,345
0.0,2,60,0,47,ClearNoon,Town01,120.0,78.52576160430908,0.6543813467025756,1370,25000,0,1370,1,0,1,0,0,0,0,0,0,0,3600,0,0.016375000000000008,0.0165,600,352,418
0.0,3,60,0,44,ClearNoon,Town01,120.0,78.98946166038513,0.6582455138365427,1371,25000,0,1371,0,0,0,0,0,0,0,0,0,0,3600,0,0.016375000000000008,0.0165,731,342,298
0.0,4,60,0,44,ClearNoon,Town01,120.0,79.02913546562195,0.6585761288801829,1394,25000,0,1394,4,0,4,0,0,0,0,0,0,0,3600,0,0.016375000000000008,0.0165,680,277,437
0.0,0,60,0,42,ClearNoon,Town05,120.0,85.20340085029602,0.7100283404191335,1379,25000,0,1379,2,0,2,0,0,0,0,0,0,0,3600,0,0.016375000000000008,0.0165,564,362,453
0.0,1,60,0,43,ClearNoon,Town05,120.0,84.04941606521606,0.7004118005434672,1316,25000,0,1316,0,0,0,0,0,0,0,0,0,0,3600,0,0.016375000000000008,0.0165,511,342,463
0.0,2,60,0,41,ClearNoon,Town05,120.0,82.48822593688965,0.6874018828074138,1358,25000,0,1358,0,0,0,0,0,0,0,0,0,0,3600,0,0.016375000000000008,0.0165,482,409,467
0.0,3,60,0,42,ClearNoon,Town05,120.0,84.36503076553345,0.703041923046112,1023,19007,0,1023,0,0,0,0,0,0,0,0,0,0,3600,0,0.016375000000000008,0.0165,340,366,317
0.0,4,60,0,42,ClearNoon,Town05,120.0,83.56736302375793,0.6963946918646494,1216,22222,0,1216,1,0,1,0,0,0,0,0,0,0,3600,0,0.016375000000000008,0.0165,400,416,400
0.0,0,60,0,60,ClearNoon,Town10HD_Opt,120.0,95.6523540019989,0.7971029500166575,1362,25000,0,1362,3,0,3,0,0,0,0,0,0,0,3600,0,0.016375000000000008,0.0165,568,358,436
0.0,1,60,0,59,ClearNoon,Town10HD_Opt,120.0,105.24902772903442,0.8770752310752868,1392,25000,0,1392,1,0,1,0,0,0,0,0,0,0,3600,0,0.016375000000000008,0.0165,652,343,397
0.0,2,60,0,59,ClearNoon,Town10HD_Opt,120.0,97.31871104240417,0.8109892586867015,1400,25000,0,1400,8,0,8,0,0,0,0,0,0,0,3600,0,0.016375000000000008,0.0165,770,370,260
0.0,3,60,0,59,ClearNoon,Town10HD_Opt,120.0,96.47434854507446,0.8039529045422872,1443,25000,0,1443,4,0,4,0,0,0,0,0,0,0,3600,0,0.016375000000000008,0.0165,570,426,447
0.0,4,60,0,59,ClearNoon,Town10HD_Opt,120.0,94.57554578781128,0.7881295482317606,1412,25000,0,1412,3,0,3,0,0,0,0,0,0,0,3600,0,0.016375000000000008,0.0165,637,268,507
0.0,0,60,0,45,ClearSunset,Town01,120.0,80.87891817092896,0.6739909847577413,1409,25000,0,1409,5,0,5,0,0,0,0,0,0,0,3600,0,0.016375000000000008,0.0165,771,270,368
0.0,1,60,0,44,ClearSunset,Town01,120.0,83.83213019371033,0.6986010849475861,1443,25000,0,1443,3,0,3,0,0,0,0,0,0,0,3600,0,0.016375000000000008,0.0165,815,364,264
0.0,3,60,0,44,ClearSunset,Town01,120.0,82.28904557228088,0.685742046435674,1375,25000,0,1375,0,0,0,0,0,0,0,0,0,0,3600,0,0.016375000000000008,0.0165,773,325,277
0.0,4,60,0,44,ClearSunset,Town01,120.0,82.89940977096558,0.6908284147580465,1418,25000,0,1418,1,0,1,0,0,0,0,0,0,0,3600,0,0.016375000000000008,0.0165,665,263,490
0.0,0,60,0,42,ClearSunset,Town05,120.0,86.39043545722961,0.7199202954769135,1380,25000,0,1380,0,0,0,0,0,0,0,0,0,0,3600,0,0.016375000000000008,0.0165,493,455,432
0.0,1,60,0,43,ClearSunset,Town05,120.0,86.27993512153625,0.7189994593461354,871,15435,0,871,1,0,1,0,0,0,0,0,0,0,3600,0,0.016375000000000008,0.0165,369,68,434
0.0,2,60,0,41,ClearSunset,Town05,120.0,85.10829067230225,0.7092357556025187,1345,25000,0,1345,0,0,0,0,0,0,0,0,0,0,3600,0,0.016375000000000008,0.0165,407,755,183
0.0,3,60,0,42,ClearSunset,Town05,120.0,86.11085891723633,0.7175904909769694,1235,25000,0,1235,0,0,0,0,0,0,0,0,0,0,3600,0,0.016375000000000008,0.0165,561,254,420
0.0,4,60,0,42,ClearSunset,Town05,120.0,85.28534603118896,0.7107112169265747,788,14119,0,788,2,0,2,0,0,0,0,0,0,0,3600,0,0.016375000000000008,0.0165,463,97,228
0.0,0,60,0,60,ClearSunset,Town10HD_Opt,120.0,99.76792287826538,0.8313993573188782,1358,25000,0,1358,2,0,2,0,0,0,0,0,0,0,3600,0,0.016375000000000008,0.0165,584,417,357
0.0,1,60,0,59,ClearSunset,Town10HD_Opt,120.0,97.73402667045593,0.8144502222537995,1409,25000,0,1409,0,0,0,0,0,0,0,0,0,0,3600,0,0.016375000000000008,0.0165,725,270,414
0.0,2,60,0,59,ClearSunset,Town10HD_Opt,120.0,97.40104508399963,0.8116753756999969,1435,25000,0,1435,1,0,1,0,0,0,0,0,0,0,3600,0,0.016375000000000008,0.0165,807,257,371
0.0,3,60,0,59,ClearSunset,Town10HD_Opt,120.0,96.29953289031982,0.8024961074193319,1420,25000,0,1420,2,0,2,0,0,0,0,0,0,0,3600,0,0.016375000000000008,0.0165,543,418,459
0.0,4,60,0,59,ClearSunset,Town10HD_Opt,120.0,97.4180896282196,0.8118174135684967,1408,25000,0,1408,1,0,1,0,0,0,0,0,0,0,3600,0,0.016375000000000008,0.0165,574,376,458
0.0,0,60,0,45,HardRainNoon,Town01,120.0,91.38524389266968,0.7615436991055806,1345,25000,0,1345,0,0,0,0,0,0,0,0,0,0,3600,0,0.016375000000000008,0.0165,651,321,373
0.0,1,60,0,44,HardRainNoon,Town01,120.0,93.89796423912048,0.782483035326004,1405,25000,0,1405,6,0,6,0,0,0,0,0,0,0,3600,0,0.016375000000000008,0.0165,782,287,336
0.0,3,60,0,44,HardRainNoon,Town01,120.0,87.48830389976501,0.7290691991647085,1375,25000,0,1375,0,0,0,0,0,0,0,0,0,0,3600,0,0.016375000000000008,0.0165,875,280,220
0.0,4,60,0,44,HardRainNoon,Town01,120.0,87.98643732070923,0.7332203110059102,1384,25000,0,1384,5,0,5,0,0,0,0,0,0,0,3600,0,0.016375000000000008,0.0165,668,253,463
0.0,0,60,0,42,HardRainNoon,Town05,120.0,93.05320382118225,0.7754433651765188,1205,22184,0,1205,1,0,1,0,0,0,0,0,0,0,3600,0,0.016375000000000008,0.0165,526,334,345
0.0,1,60,0,43,HardRainNoon,Town05,120.0,92.72765636444092,0.7727304697036743,1315,25000,0,1315,0,0,0,0,0,0,0,0,0,0,3600,0,0.016375000000000008,0.0165,561,271,483
0.0,2,60,0,41,HardRainNoon,Town05,120.0,92.23426485061646,0.7686188737551372,1184,21913,0,1184,2,0,2,0,0,0,0,0,0,0,3600,0,0.016375000000000008,0.0165,423,491,270
0.0,3,60,0,42,HardRainNoon,Town05,120.0,92.94598340988159,0.7745498617490133,1175,21223,0,1175,2,0,2,0,0,0,0,0,0,0,3600,0,0.016375000000000008,0.0165,584,187,404
0.0,4,60,0,42,HardRainNoon,Town05,120.0,91.86255717277527,0.7655213097731273,917,16396,0,917,0,0,0,0,0,0,0,0,0,0,3600,0,0.016375000000000008,0.0165,406,106,405
0.0,0,60,0,60,HardRainNoon,Town10HD_Opt,120.0,98.81098651885986,0.8234248876571655,1443,25000,0,1443,3,0,3,0,0,0,0,0,0,0,3600,0,0.016375000000000008,0.0165,648,380,415
0.0,1,60,0,59,HardRainNoon,Town10HD_Opt,120.0,99.4891574382782,0.8290763119856517,1405,25000,0,1405,3,0,3,0,0,0,0,0,0,0,3600,0,0.016375000000000008,0.0165,720,260,425
0.0,2,60,0,59,HardRainNoon,Town10HD_Opt,120.0,97.19088387489319,0.8099240322907766,1367,25000,0,1367,3,0,3,0,0,0,0,0,0,0,3600,0,0.016375000000000008,0.0165,670,347,350
0.0,3,60,0,59,HardRainNoon,Town10HD_Opt,120.0,97.79683899879456,0.8149736583232879,1355,25000,0,1355,2,0,2,0,0,0,0,0,0,0,3600,0,0.016375000000000008,0.0165,512,412,431
0.0,4,60,0,59,HardRainNoon,Town10HD_Opt,120.0,97.9627320766449,0.8163561006387074,1447,25000,0,1447,13,0,13,0,0,0,0,0,0,0,3600,0,0.016375000000000008,0.0165,645,231,571
0.5,0,60,30,45,ClearNoon,Town01,120.0,97.18287396430969,0.8098572830359141,1406,25000,772,634,2,2,0,65769,2430,2483,1318,32,0,0,3600,0,0.016375000000000008,0.0165,756,254,396
0.5,1,60,30,44,ClearNoon,Town01,120.0,97.52509021759033,0.8127090851465861,1463,25000,531,932,2,0,2,66490,2114,2295,1101,20,0,0,3600,0,0.016375000000000008,0.0165,824,320,319
0.5,2,60,30,47,ClearNoon,Town01,120.0,102.13904523849487,0.8511587103207906,1423,25000,821,602,0,0,0,65061,2481,2774,1684,25,0,0,3600,0,0.016375000000000008,0.0165,727,351,345
0.5,3,60,30,44,ClearNoon,Town01,120.0,97.6350462436676,0.8136253853638967,1398,25000,514,884,1,0,1,65507,2262,2426,1805,18,0,0,3600,0,0.016375000000000008,0.0165,803,290,305
0.5,4,60,30,44,ClearNoon,Town01,120.0,96.27850890159607,0.8023209075133005,1423,25000,864,559,1,1,0,67201,2179,2052,568,17,0,0,3600,0,0.016375000000000008,0.0165,641,292,490
0.5,0,60,30,42,ClearNoon,Town05,120.0,119.72783541679382,0.9977319618066152,1364,25000,668,696,1,1,0,66474,1377,1665,2484,25,0,0,3600,0,0.016375000000000008,0.0165,628,433,303
0.5,1,60,30,43,ClearNoon,Town05,120.0,107.76695656776428,0.8980579713980357,846,15166,403,443,2,2,0,66469,1186,1427,2918,17,0,0,3600,0,0.016375000000000008,0.0165,367,209,270
0.5,2,60,30,41,ClearNoon,Town05,120.0,116.54463195800781,0.9712052663167318,1379,25000,576,803,0,0,0,67781,1231,1012,1976,27,0,0,3600,0,0.016375000000000008,0.0165,432,701,246
0.5,3,60,30,42,ClearNoon,Town05,120.0,116.75442028045654,0.9729535023371378,821,15096,400,421,0,0,0,66233,1388,1299,3080,23,0,0,3600,0,0.016375000000000008,0.0165,241,241,339
0.5,4,60,30,42,ClearNoon,Town05,120.0,113.23918437957764,0.9436598698298136,980,18079,607,373,1,0,1,66400,1362,1216,3022,20,0,0,3600,0,0.016375000000000008,0.0165,457,49,474
0.5,0,60,30,60,ClearNoon,Town10HD_Opt,120.0,135.57004046440125,1.1297503372033437,1398,25000,712,686,6,2,4,61709,4133,3627,2531,74,0,0,3600,0,0.016375000000000008,0.0165,601,408,389
0.5,1,60,30,59,ClearNoon,Town10HD_Opt,120.0,144.26245164871216,1.2021870970726014,1434,25000,709,725,4,2,2,60711,4044,3849,3396,110,0,0,3600,0,0.016375000000000008,0.0165,753,292,389
0.5,2,60,30,59,ClearNoon,Town10HD_Opt,120.0,149.38142561912537,1.2448452134927115,1388,25000,748,640,2,0,2,59731,4308,4061,3900,103,0,0,3600,0,0.016375000000000008,0.0165,723,384,281
0.5,3,60,30,59,ClearNoon,Town10HD_Opt,120.0,143.86573958396912,1.1988811631997427,1432,25000,765,667,1,1,0,62307,3825,3296,2572,54,0,0,3600,0,0.016375000000000008,0.0165,618,390,424
0.5,4,60,30,59,ClearNoon,Town10HD_Opt,120.0,138.99156737327576,1.1582630614439646,1432,25000,743,689,4,2,2,62708,4579,2842,1871,114,0,0,3600,0,0.016375000000000008,0.0165,565,305,562
0.5,0,60,30,45,ClearSunset,Town01,120.0,99.66349864006042,0.8305291553338369,1392,25000,772,620,2,2,0,65694,2799,2141,1366,51,0,0,3600,0,0.016375000000000008,0.0165,740,201,451
0.5,1,60,30,44,ClearSunset,Town01,120.0,97.1760482788086,0.809800402323405,1462,25000,508,954,2,0,2,66173,1939,2138,1750,30,0,0,3600,0,0.016375000000000008,0.0165,801,337,324
0.5,2,60,30,47,ClearSunset,Town01,120.0,101.69506049156189,0.8474588374296824,1396,25000,813,583,0,0,0,65575,2220,2591,1614,42,0,0,3600,0,0.016375000000000008,0.0165,649,396,351
0.5,3,60,30,44,ClearSunset,Town01,120.0,99.6825852394104,0.83068821032842,1455,25000,563,892,0,0,0,64713,3021,2790,1476,33,0,0,3600,0,0.016375000000000008,0.0165,770,321,364
0.5,4,60,30,44,ClearSunset,Town01,120.0,100.22833752632141,0.8352361460526784,1438,25000,835,603,1,1,0,66325,2598,2140,937,12,0,0,3600,0,0.016375000000000008,0.0165,691,303,444
0.5,0,60,30,42,ClearSunset,Town05,120.0,120.03523230552673,1.000293602546056,1364,25000,695,669,1,1,0,65677,1300,1564,3459,16,0,0,3600,0,0.016375000000000008,0.0165,554,480,330
0.5,1,60,30,43,ClearSunset,Town05,120.0,114.36227560043335,0.9530189633369446,986,17754,393,593,0,0,0,65850,1195,1277,3678,26,0,0,3600,0,0.016375000000000008,0.0165,494,271,221
0.5,2,60,30,41,ClearSunset,Town05,120.0,123.65377306938171,1.0304481089115143,1159,21820,494,665,2,2,0,65624,2090,1300,2986,23,0,0,3600,0,0.016375000000000008,0.0165,330,608,221
0.5,3,60,30,42,ClearSunset,Town05,120.0,117.54236507415771,0.9795197089513142,1350,25000,618,732,0,0,0,66260,1501,1326,2913,31,0,0,3600,0,0.016375000000000008,0.0165,594,212,544
0.5,4,60,30,42,ClearSunset,Town05,120.0,110.53359627723694,0.9211133023103079,1189,21709,648,541,0,0,0,68056,1345,1151,1448,36,0,0,3600,0,0.016375000000000008,0.0165,499,260,430
0.5,0,60,30,60,ClearSunset,Town10HD_Opt,120.0,141.94154500961304,1.182846208413442,1369,25000,802,567,3,1,2,62192,3907,3762,2139,89,0,0,3600,0,0.016375000000000008,0.0165,623,354,392
0.5,1,60,30,59,ClearSunset,Town10HD_Opt,120.0,141.70547652244568,1.1808789710203806,1414,25000,609,805,0,0,0,62125,4036,3511,2328,94,0,0,3600,0,0.016375000000000008,0.0165,669,276,469
0.5,2,60,30,59,ClearSunset,Town10HD_Opt,120.0,140.82627201080322,1.1735522667566936,1376,25000,759,617,4,1,3,61843,4132,3343,2682,120,0,0,3600,0,0.016375000000000008,0.0165,708,280,388
0.5,3,60,30,59,ClearSunset,Town10HD_Opt,120.0,140.90899205207825,1.1742416004339853,1396,25000,766,630,3,2,1,62635,3713,3415,2237,75,0,0,3600,0,0.016375000000000008,0.0165,541,425,430
0.5,4,60,30,59,ClearSunset,Town10HD_Opt,120.0,143.9649863243103,1.1997082193692525,1416,25000,794,622,5,1,4,61266,3969,3394,3371,82,0,0,3600,0,0.016375000000000008,0.0165,602,316,498
0.5,0,60,30,45,HardRainNoon,Town01,120.0,106.62068772315979,0.8885057310263316,1396,25000,849,547,2,2,0,65597,2704,2338,1361,30,0,0,3600,0,0.016375000000000008,0.0165,730,251,415
0.5,1,60,30,44,HardRainNoon,Town01,120.0,102.54596281051636,0.8545496900876363,1401,25000,639,762,5,1,4,67531,1643,1859,967,17,0,0,3600,0,0.016375000000000008,0.0165,801,206,394
0.5,2,60,30,47,HardRainNoon,Town01,120.0,105.46744632720947,0.8788953860600789,1407,25000,819,588,0,0,0,66460,2121,2292,1127,22,0,0,3600,0,0.016375000000000008,0.0165,596,405,406
0.5,3,60,30,44,HardRainNoon,Town01,120.0,102.06615042686462,0.8505512535572052,1370,25000,594,776,0,0,0,67732,1343,1658,1267,26,0,0,3600,0,0.016375000000000008,0.0165,815,240,315
0.5,4,60,30,44,HardRainNoon,Town01,120.0,103.6320595741272,0.86360049645106,1412,25000,768,644,2,2,0,66136,2678,2287,899,17,0,0,3600,0,0.016375000000000008,0.0165,693,304,415
0.5,0,60,30,42,HardRainNoon,Town05,120.0,124.15665197372437,1.034638766447703,1346,25000,580,766,1,1,0,66201,1365,1415,3019,23,0,0,3600,0,0.016375000000000008,0.0165,471,470,405
0.5,1,60,30,43,HardRainNoon,Town05,120.0,115.31061363220215,0.9609217802683513,1341,25000,467,874,1,0,1,68688,949,753,1610,25,0,0,3600,0,0.016375000000000008,0.0165,379,284,678
0.5,2,60,30,41,HardRainNoon,Town05,120.0,123.52183651924133,1.0293486376603445,1156,21160,784,372,1,1,0,66967,1104,1064,2865,31,0,0,3600,0,0.016375000000000008,0.0165,455,388,313
0.5,3,60,30,42,HardRainNoon,Town05,120.0,121.07889533042908,1.0089907944202423,815,14694,330,485,0,0,0,65313,1710,1783,3194,31,0,0,3600,0,0.016375000000000008,0.0165,379,215,221
0.5,4,60,30,42,HardRainNoon,Town05,120.0,120.49013876914978,1.0040844897429149,1017,18811,567,450,0,0,0,66437,1209,1214,3140,23,0,0,3600,0,0.016375000000000008,0.0165,406,313,298
0.5,0,60,30,60,HardRainNoon,Town10HD_Opt,120.0,122.29107713699341,1.0190923094749451,1365,25000,713,652,10,10,0,64145,3161,2764,1930,78,0,0,3600,0,0.016375000000000008,0.0165,509,555,301
0.5,1,60,30,59,HardRainNoon,Town10HD_Opt,120.0,133.23397588729858,1.1102831323941549,1407,25000,692,715,1,1,0,61251,4396,3958,2395,126,0,0,3600,0,0.016375000000000008,0.0165,660,320,427
0.5,2,60,30,59,HardRainNoon,Town10HD_Opt,120.0,137.12331652641296,1.1426943043867748,1404,25000,725,679,2,0,2,61455,3735,3338,3472,96,0,0,3600,0,0.016375000000000008,0.0165,769,354,281
0.5,3,60,30,59,HardRainNoon,Town10HD_Opt,120.0,132.34140038490295,1.1028450032075245,1405,25000,661,744,3,0,3,62515,3820,3155,2510,82,0,0,3600,0,0.016375000000000008,0.0165,674,398,333
0.5,4,60,30,59,HardRainNoon,Town10HD_Opt,120.0,136.23306822776794,1.1352755685647329,1396,25000,749,647,4,0,4,61748,4186,3645,2421,79,0,0,3600,0,0.016375000000000008,0.0165,638,250,508
1.0,0,60,60,45,ClearNoon,Town01,120.0,113.42262673377991,0.9451885561148325,1394,25000,1394,0,0,0,0,131988,4644,4949,2419,66,0,0,3600,0,0.016375000000000008,0.0165,689,271,434
1.0,1,60,60,44,ClearNoon,Town01,120.0,115.94014978408813,0.9661679148674012,1380,25000,1380,0,2,2,0,130772,4758,5100,3370,49,0,0,3600,0,0.016375000000000008,0.0165,793,256,331
1.0,2,60,60,47,ClearNoon,Town01,120.0,122.48526287078857,1.0207105239232381,1384,25000,1384,0,0,0,0,131319,5184,4863,2634,59,0,0,3600,0,0.016375000000000008,0.0165,658,330,396
1.0,3,60,60,44,ClearNoon,Town01,120.0,113.45448803901672,0.945454066991806,1313,25000,1313,0,0,0,0,132931,4312,4150,2408,62,1,0,3600,0,0.016375000000000008,0.0165,725,306,282
1.0,4,60,60,44,ClearNoon,Town01,120.0,109.68722224235535,0.9140601853529612,1393,25000,1393,0,3,3,0,133784,4157,4076,1983,36,0,0,3600,0,0.016375000000000008,0.0165,611,281,501
1.0,0,60,60,42,ClearNoon,Town05,120.0,145.20075845718384,1.210006320476532,1368,25000,1368,0,1,1,0,134676,1845,2328,5151,40,0,0,3600,0,0.016375000000000008,0.0165,467,402,499
1.0,1,60,60,43,ClearNoon,Town05,120.0,139.05224919319153,1.158768743276596,816,14384,816,0,2,2,0,132416,2170,2035,7379,26,0,0,3600,0,0.016375000000000008,0.0165,351,146,319
1.0,2,60,60,41,ClearNoon,Town05,120.0,150.7570343017578,1.256308619181315,1172,22192,1172,0,0,0,0,133165,3377,2845,4613,53,0,0,3600,0,0.016375000000000008,0.0165,478,443,251
1.0,3,60,60,42,ClearNoon,Town05,120.0,148.51326656341553,1.2376105546951295,1107,20344,1107,0,0,0,0,132717,2865,1962,6456,41,0,0,3600,0,0.016375000000000008,0.0165,386,303,418
1.0,4,60,60,42,ClearNoon,Town05,120.0,137.73041701316833,1.147753475109736,837,15190,837,0,4,4,0,134396,2512,2084,5008,27,0,0,3600,0,0.016375000000000008,0.0165,433,156,248
1.0,0,60,60,60,ClearNoon,Town10HD_Opt,120.0,179.2355453968048,1.4936295449733734,1397,25000,1397,0,0,0,0,123539,8385,6524,5552,160,0,0,3600,0,0.016375000000000008,0.0165,525,452,420
1.0,1,60,60,59,ClearNoon,Town10HD_Opt,120.0,191.53172612190247,1.5960977176825206,1390,25000,1390,0,3,3,0,121423,8533,7510,6534,140,0,0,3600,0,0.016375000000000008,0.0165,628,327,435
1.0,2,60,60,59,ClearNoon,Town10HD_Opt,120.0,194.95214939117432,1.6246012449264526,1399,25000,1399,0,3,3,0,123628,7575,6589,6208,311,0,0,3600,0,0.016375000000000008,0.0165,743,349,307
1.0,3,60,60,59,ClearNoon,Town10HD_Opt,120.0,189.7351987361908,1.5811266561349233,1418,25000,1418,0,1,1,0,124147,7844,6856,5153,187,0,0,3600,0,0.016375000000000008,0.0165,527,395,496
1.0,4,60,60,59,ClearNoon,Town10HD_Opt,120.0,195.14237928390503,1.626186494032542,1392,25000,1392,0,4,4,0,124530,7141,5962,6367,198,0,0,3600,0,0.016375000000000008,0.0165,569,281,542
1.0,0,60,60,45,ClearSunset,Town01,120.0,122.94594693183899,1.024549557765325,1398,25000,1398,0,3,3,0,131260,4867,5076,2797,80,0,0,3600,0,0.016375000000000008,0.0165,785,246,367
1.0,1,60,60,44,ClearSunset,Town01,120.0,123.00850439071655,1.0250708699226379,1396,25000,1396,0,2,2,0,131493,4872,4951,2684,36,0,0,3600,0,0.016375000000000008,0.0165,703,404,289
1.0,2,60,60,47,ClearSunset,Town01,120.0,125.43439888954163,1.045286657412847,1410,25000,1410,0,4,4,0,130906,4634,5093,3367,117,0,0,3600,0,0.016375000000000008,0.0165,721,321,368
1.0,3,60,60,44,ClearSunset,Town01,120.0,118.4721531867981,0.9872679432233175,1388,25000,1388,0,0,0,0,131562,5096,4563,2580,69,1,0,3600,0,0.016375000000000008,0.0165,779,331,278
1.0,4,60,60,44,ClearSunset,Town01,120.0,117.7167227268219,0.9809726893901825,1422,25000,1422,0,1,1,0,130315,5507,4832,3327,40,1,0,3600,0,0.016375000000000008,0.0165,640,278,504
1.0,0,60,60,42,ClearSunset,Town05,120.0,152.546160697937,1.2712180058161417,1311,25000,1311,0,0,0,0,133183,2304,2762,5751,19,0,0,3600,0,0.016375000000000008,0.0165,538,405,368
1.0,2,60,60,41,ClearSunset,Town05,120.0,153.87972688674927,1.2823310573895772,1285,25000,1285,0,0,0,0,133379,3343,2583,4695,63,0,0,3600,0,0.016375000000000008,0.0165,388,679,218
1.0,3,60,60,42,ClearSunset,Town05,120.0,144.51135659217834,1.2042613049348196,1021,19111,1021,0,0,0,0,135076,2151,1613,5160,49,0,0,3600,0,0.016375000000000008,0.0165,470,322,229
1.0,4,60,60,42,ClearSunset,Town05,120.0,146.50755190849304,1.2208962659041087,1224,22920,1224,0,0,0,0,135290,2091,2096,4523,46,0,0,3600,0,0.016375000000000008,0.0165,429,356,439
1.0,0,60,60,60,ClearSunset,Town10HD_Opt,120.0,182.10521411895752,1.5175434509913126,1421,25000,1421,0,4,4,0,122571,8742,6975,5712,188,0,0,3600,0,0.016375000000000008,0.0165,680,426,315
1.0,1,60,60,59,ClearSunset,Town10HD_Opt,120.0,185.32699394226074,1.5443916161855062,1395,25000,1395,0,2,2,0,124273,6985,7169,5573,173,0,0,3600,0,0.016375000000000008,0.0165,656,328,411
1.0,2,60,60,59,ClearSunset,Town10HD_Opt,120.0,202.41602969169617,1.6868002474308015,1422,25000,1422,0,5,5,0,122264,8049,7902,5785,171,0,0,3600,0,0.016375000000000008,0.0165,768,273,381
1.0,3,60,60,59,ClearSunset,Town10HD_Opt,120.0,187.2257444858551,1.560214537382126,1385,25000,1385,0,2,2,0,125858,7662,6399,4081,128,0,0,3600,0,0.016375000000000008,0.0165,674,353,358
1.0,4,60,60,59,ClearSunset,Town10HD_Opt,120.0,198.2059302330017,1.6517160852750143,1423,25000,1423,0,2,2,0,126294,7171,5965,4570,220,0,0,3600,0,0.016375000000000008,0.0165,604,237,582
1.0,0,60,60,45,HardRainNoon,Town01,120.0,125.14291906356812,1.0428576588630676,1371,25000,1371,0,2,2,0,132923,4594,4220,2263,57,0,0,3600,0,0.016375000000000008,0.0165,654,227,490
1.0,1,60,60,44,HardRainNoon,Town01,120.0,120.20282125473022,1.0016901771227518,1389,25000,1389,0,6,6,0,132448,4668,4607,2277,59,0,0,3600,0,0.016375000000000008,0.0165,696,383,310
1.0,2,60,60,47,HardRainNoon,Town01,120.0,125.27410912513733,1.0439509093761443,1383,25000,1383,0,1,1,0,130422,5073,5472,3033,69,0,0,3600,0,0.016375000000000008,0.0165,614,421,348
1.0,3,60,60,44,HardRainNoon,Town01,120.0,121.41179990768433,1.0117649992307027,1350,25000,1350,0,3,3,0,131982,5090,4804,2124,45,0,0,3600,0,0.016375000000000008,0.0165,784,323,243
1.0,4,60,60,44,HardRainNoon,Town01,120.0,119.53158807754517,0.9960965673128764,1412,25000,1412,0,2,2,0,133855,3914,3476,2755,53,0,0,3600,0,0.016375000000000008,0.0165,697,284,431
1.0,0,60,60,42,HardRainNoon,Town05,120.0,152.89502668380737,1.2741252223650614,1314,24831,1314,0,0,0,0,132769,2572,2226,6433,55,0,0,3600,0,0.016375000000000008,0.0165,575,327,412
1.0,1,60,60,43,HardRainNoon,Town05,120.0,147.91754412651062,1.2326462010542552,958,19065,958,0,3,3,0,133860,2115,2265,5760,36,0,0,3600,0,0.016375000000000008,0.0165,316,406,236
1.0,2,60,60,41,HardRainNoon,Town05,120.0,151.37160325050354,1.2614300270875296,1341,25000,1341,0,1,1,0,134168,2320,2744,4768,54,0,0,3600,0,0.016375000000000008,0.0165,386,676,279
1.0,3,60,60,42,HardRainNoon,Town05,120.0,142.50585913658142,1.1875488261381786,1202,23023,1202,0,0,0,0,137254,2658,2383,1705,41,0,0,3600,0,0.016375000000000008,0.0165,503,447,252
1.0,4,60,60,42,HardRainNoon,Town05,120.0,143.39894461631775,1.1949912051359812,976,17623,976,0,2,2,0,134329,2197,2268,5206,39,0,0,3600,0,0.016375000000000008,0.0165,376,232,368
1.0,0,60,60,60,HardRainNoon,Town10HD_Opt,120.0,170.3736548423767,1.4197804570198058,1358,25000,1358,0,2,2,0,125809,7526,6398,4267,155,0,0,3600,0,0.016375000000000008,0.0165,557,428,373
1.0,1,60,60,59,HardRainNoon,Town10HD_Opt,120.0,167.62818884849548,1.3969015737374624,1434,25000,1434,0,3,3,0,124989,7947,6548,4516,168,0,0,3600,0,0.016375000000000008,0.0165,670,269,495
1.0,2,60,60,59,HardRainNoon,Town10HD_Opt,120.0,168.7469928264618,1.406224940220515,1388,25000,1388,0,5,5,0,124750,7762,6369,5119,177,0,0,3600,0,0.016375000000000008,0.0165,600,443,345
1.0,3,60,60,59,HardRainNoon,Town10HD_Opt,120.0,162.65469551086426,1.355455795923869,1391,25000,1391,0,4,4,0,126600,6989,5581,4830,152,0,0,3600,0,0.016375000000000008,0.0165,622,340,429
1.0,4,60,60,59,HardRainNoon,Town10HD_Opt,120.0,162.1129970550537,1.3509416421254477,1421,25000,1421,0,3,3,0,125038,7546,6312,5104,180,0,0,3600,0,0.016375000000000008,0.0165,603,258,560
